Indicator;LOCATION;Country;Time;Value
Total per capita expenditure on the preservation, protection and conservation of all cultural and natural heritage (constant PPP$ - 2017);CZE;Czechia;01/01/2018;175.7
Total per capita expenditure on the preservation, protection and conservation of all cultural and natural heritage (constant PPP$ - 2017);CZE;Czechia;01/01/2019;170
Total per capita expenditure on the preservation, protection and conservation of all cultural and natural heritage (constant PPP$ - 2017);CZE;Czechia;01/01/2020;160.6
Total per capita expenditure on the preservation, protection and conservation of all cultural and natural heritage (constant PPP$ - 2017);MEX;Mexico;01/01/2018;16.9
Total per capita expenditure on the preservation, protection and conservation of all cultural and natural heritage (constant PPP$ - 2017);MEX;Mexico;01/01/2019;13.6
Total per capita expenditure on the preservation, protection and conservation of all cultural and natural heritage (constant PPP$ - 2017);MEX;Mexico;01/01/2020;10.3
Total per capita expenditure on the preservation, protection and conservation of all cultural and natural heritage (constant PPP$ - 2017);MEX;Mexico;01/01/2021;11.5
Total per capita expenditure on the preservation, protection and conservation of all cultural and natural heritage (constant PPP$ - 2017);PRT;Portugal;01/01/2018;50.5
Total per capita expenditure on the preservation, protection and conservation of all cultural and natural heritage (constant PPP$ - 2017);PRT;Portugal;01/01/2019;51.4
Total per capita expenditure on the preservation, protection and conservation of all cultural and natural heritage (constant PPP$ - 2017);PRT;Portugal;01/01/2020;42
Total per capita expenditure on the preservation, protection and conservation of all cultural and natural heritage (constant PPP$ - 2017);ESP;Spain;01/01/2017;71.2
Total per capita expenditure on the preservation, protection and conservation of all cultural and natural heritage (constant PPP$ - 2017);ESP;Spain;01/01/2018;74.2
Total per capita expenditure on the preservation, protection and conservation of all cultural and natural heritage (constant PPP$ - 2017);ESP;Spain;01/01/2019;79.8
Total per capita expenditure on the preservation, protection and conservation of all cultural and natural heritage (constant PPP$ - 2017);ESP;Spain;01/01/2020;61.7
Total per capita expenditure on the preservation, protection and conservation of all cultural and natural heritage (constant PPP$ - 2017);SWE;Sweden;01/01/2018;108.3
Total per capita expenditure on the preservation, protection and conservation of all cultural and natural heritage (constant PPP$ - 2017);SWE;Sweden;01/01/2019;95.4
Total per capita expenditure on the preservation, protection and conservation of all cultural and natural heritage (constant PPP$ - 2017);SWE;Sweden;01/01/2020;97.7
Total per capita expenditure on the preservation, protection and conservation of all cultural and natural heritage (constant PPP$ - 2017);SWE;Sweden;01/01/2021;130.3
Total per capita expenditure on the preservation, protection and conservation of all cultural and natural heritage (constant PPP$ - 2017);AUT;Austria;01/01/2018;106.8
Total per capita expenditure on the preservation, protection and conservation of all cultural and natural heritage (constant PPP$ - 2017);AUT;Austria;01/01/2019;109.5
Total per capita expenditure on the preservation, protection and conservation of all cultural and natural heritage (constant PPP$ - 2017);AUT;Austria;01/01/2020;107
Total per capita expenditure on the preservation, protection and conservation of all cultural and natural heritage (constant PPP$ - 2017);CZE;Czechia;01/01/2018;112.9
Total per capita expenditure on the preservation, protection and conservation of all cultural and natural heritage (constant PPP$ - 2017);CZE;Czechia;01/01/2019;111.9
Total per capita expenditure on the preservation, protection and conservation of all cultural and natural heritage (constant PPP$ - 2017);CZE;Czechia;01/01/2020;117.7
Total per capita expenditure on the preservation, protection and conservation of all cultural and natural heritage (constant PPP$ - 2017);FRA;France;01/01/2018;108.1
Total per capita expenditure on the preservation, protection and conservation of all cultural and natural heritage (constant PPP$ - 2017);FRA;France;01/01/2019;119.9
Total per capita expenditure on the preservation, protection and conservation of all cultural and natural heritage (constant PPP$ - 2017);FRA;France;01/01/2020;138.5
Total per capita expenditure on the preservation, protection and conservation of all cultural and natural heritage (constant PPP$ - 2017);HUN;Hungary;01/01/2018;150.5
Total per capita expenditure on the preservation, protection and conservation of all cultural and natural heritage (constant PPP$ - 2017);HUN;Hungary;01/01/2019;146.8
Total per capita expenditure on the preservation, protection and conservation of all cultural and natural heritage (constant PPP$ - 2017);HUN;Hungary;01/01/2020;187.3
Total per capita expenditure on the preservation, protection and conservation of all cultural and natural heritage (constant PPP$ - 2017);MEX;Mexico;01/01/2018;13.1
Total per capita expenditure on the preservation, protection and conservation of all cultural and natural heritage (constant PPP$ - 2017);MEX;Mexico;01/01/2019;10.4
Total per capita expenditure on the preservation, protection and conservation of all cultural and natural heritage (constant PPP$ - 2017);MEX;Mexico;01/01/2020;8.5
Total per capita expenditure on the preservation, protection and conservation of all cultural and natural heritage (constant PPP$ - 2017);MEX;Mexico;01/01/2021;9.3
Total per capita expenditure on the preservation, protection and conservation of all cultural and natural heritage (constant PPP$ - 2017);PRT;Portugal;01/01/2018;31.8
Total per capita expenditure on the preservation, protection and conservation of all cultural and natural heritage (constant PPP$ - 2017);PRT;Portugal;01/01/2019;31.5
Total per capita expenditure on the preservation, protection and conservation of all cultural and natural heritage (constant PPP$ - 2017);PRT;Portugal;01/01/2020;34.4
Total per capita expenditure on the preservation, protection and conservation of all cultural and natural heritage (constant PPP$ - 2017);SVK;Slovakia;01/01/2018;44.5
Total per capita expenditure on the preservation, protection and conservation of all cultural and natural heritage (constant PPP$ - 2017);ESP;Spain;01/01/2017;43.5
Total per capita expenditure on the preservation, protection and conservation of all cultural and natural heritage (constant PPP$ - 2017);ESP;Spain;01/01/2018;43.8
Total per capita expenditure on the preservation, protection and conservation of all cultural and natural heritage (constant PPP$ - 2017);ESP;Spain;01/01/2019;46.9
Total per capita expenditure on the preservation, protection and conservation of all cultural and natural heritage (constant PPP$ - 2017);ESP;Spain;01/01/2020;46.9
Total per capita expenditure on the preservation, protection and conservation of all cultural and natural heritage (constant PPP$ - 2017);SWE;Sweden;01/01/2018;85.2
Total per capita expenditure on the preservation, protection and conservation of all cultural and natural heritage (constant PPP$ - 2017);SWE;Sweden;01/01/2019;72.8
Total per capita expenditure on the preservation, protection and conservation of all cultural and natural heritage (constant PPP$ - 2017);SWE;Sweden;01/01/2020;81
Total per capita expenditure on the preservation, protection and conservation of all cultural and natural heritage (constant PPP$ - 2017);SWE;Sweden;01/01/2021;109
Total per capita expenditure on the preservation, protection and conservation of all cultural and natural heritage (constant PPP$ - 2017);TUR;Türkiye;01/01/2018;29.3
Total per capita expenditure on the preservation, protection and conservation of all cultural and natural heritage (constant PPP$ - 2017);TUR;Türkiye;01/01/2019;16
Total per capita expenditure on the preservation, protection and conservation of all cultural and natural heritage (constant PPP$ - 2017);TUR;Türkiye;01/01/2020;12.4
Total per capita expenditure on the preservation, protection and conservation of all cultural and natural heritage (constant PPP$ - 2017);BLR;Belarus;01/01/2018;79.9
Total per capita expenditure on the preservation, protection and conservation of all cultural and natural heritage (constant PPP$ - 2017);BLR;Belarus;01/01/2019;72.5
Total per capita expenditure on the preservation, protection and conservation of all cultural and natural heritage (constant PPP$ - 2017);CZE;Czechia;01/01/2018;62.8
Total per capita expenditure on the preservation, protection and conservation of all cultural and natural heritage (constant PPP$ - 2017);CZE;Czechia;01/01/2019;58.1
Total per capita expenditure on the preservation, protection and conservation of all cultural and natural heritage (constant PPP$ - 2017);CZE;Czechia;01/01/2020;42.9
Total per capita expenditure on the preservation, protection and conservation of all cultural and natural heritage (constant PPP$ - 2017);DNK;Denmark;01/01/2018;84.1
Total per capita expenditure on the preservation, protection and conservation of all cultural and natural heritage (constant PPP$ - 2017);DNK;Denmark;01/01/2019;97.8
Total per capita expenditure on the preservation, protection and conservation of all cultural and natural heritage (constant PPP$ - 2017);DNK;Denmark;01/01/2020;93.7
Total per capita expenditure on the preservation, protection and conservation of all cultural and natural heritage (constant PPP$ - 2017);MEX;Mexico;01/01/2018;3.7
Total per capita expenditure on the preservation, protection and conservation of all cultural and natural heritage (constant PPP$ - 2017);MEX;Mexico;01/01/2019;3.3
Total per capita expenditure on the preservation, protection and conservation of all cultural and natural heritage (constant PPP$ - 2017);MEX;Mexico;01/01/2020;1.8
Total per capita expenditure on the preservation, protection and conservation of all cultural and natural heritage (constant PPP$ - 2017);MEX;Mexico;01/01/2021;2.2
Total per capita expenditure on the preservation, protection and conservation of all cultural and natural heritage (constant PPP$ - 2017);PRT;Portugal;01/01/2018;18.7
Total per capita expenditure on the preservation, protection and conservation of all cultural and natural heritage (constant PPP$ - 2017);PRT;Portugal;01/01/2019;19.9
Total per capita expenditure on the preservation, protection and conservation of all cultural and natural heritage (constant PPP$ - 2017);PRT;Portugal;01/01/2020;7.6
Total per capita expenditure on the preservation, protection and conservation of all cultural and natural heritage (constant PPP$ - 2017);ESP;Spain;01/01/2017;27.7
Total per capita expenditure on the preservation, protection and conservation of all cultural and natural heritage (constant PPP$ - 2017);ESP;Spain;01/01/2018;30.4
Total per capita expenditure on the preservation, protection and conservation of all cultural and natural heritage (constant PPP$ - 2017);ESP;Spain;01/01/2019;32.8
Total per capita expenditure on the preservation, protection and conservation of all cultural and natural heritage (constant PPP$ - 2017);ESP;Spain;01/01/2020;14.8
Total per capita expenditure on the preservation, protection and conservation of all cultural and natural heritage (constant PPP$ - 2017);SWE;Sweden;01/01/2018;23.1
Total per capita expenditure on the preservation, protection and conservation of all cultural and natural heritage (constant PPP$ - 2017);SWE;Sweden;01/01/2019;22.6
Total per capita expenditure on the preservation, protection and conservation of all cultural and natural heritage (constant PPP$ - 2017);SWE;Sweden;01/01/2020;16.7
Total per capita expenditure on the preservation, protection and conservation of all cultural and natural heritage (constant PPP$ - 2017);SWE;Sweden;01/01/2021;21.3
Total per capita expenditure on the preservation, protection and conservation of all cultural and natural heritage (constant PPP$ - 2017);CZE;Czechia;01/01/2018;175.7
Total per capita expenditure on the preservation, protection and conservation of all cultural and natural heritage (constant PPP$ - 2017);CZE;Czechia;01/01/2019;170
Total per capita expenditure on the preservation, protection and conservation of all cultural and natural heritage (constant PPP$ - 2017);CZE;Czechia;01/01/2020;160.6
Total per capita expenditure on the preservation, protection and conservation of all cultural and natural heritage (constant PPP$ - 2017);ESP;Spain;01/01/2017;61.6
Total per capita expenditure on the preservation, protection and conservation of all cultural and natural heritage (constant PPP$ - 2017);ESP;Spain;01/01/2018;63.9
Total per capita expenditure on the preservation, protection and conservation of all cultural and natural heritage (constant PPP$ - 2017);ESP;Spain;01/01/2019;69.1
Total per capita expenditure on the preservation, protection and conservation of all cultural and natural heritage (constant PPP$ - 2017);ESP;Spain;01/01/2020;57.8
Total per capita expenditure on the preservation, protection and conservation of all cultural and natural heritage (constant PPP$ - 2017);SWE;Sweden;01/01/2018;69.1
Total per capita expenditure on the preservation, protection and conservation of all cultural and natural heritage (constant PPP$ - 2017);SWE;Sweden;01/01/2019;66.1
Total per capita expenditure on the preservation, protection and conservation of all cultural and natural heritage (constant PPP$ - 2017);SWE;Sweden;01/01/2020;68.9
Total per capita expenditure on the preservation, protection and conservation of all cultural and natural heritage (constant PPP$ - 2017);SWE;Sweden;01/01/2021;70
Total per capita expenditure on the preservation, protection and conservation of all cultural and natural heritage (constant PPP$ - 2017);FRA;France;01/01/2018;26.5
Total per capita expenditure on the preservation, protection and conservation of all cultural and natural heritage (constant PPP$ - 2017);FRA;France;01/01/2019;27.6
Total per capita expenditure on the preservation, protection and conservation of all cultural and natural heritage (constant PPP$ - 2017);FRA;France;01/01/2020;41.1
Total per capita expenditure on the preservation, protection and conservation of all cultural and natural heritage (constant PPP$ - 2017);ESP;Spain;01/01/2017;9.6
Total per capita expenditure on the preservation, protection and conservation of all cultural and natural heritage (constant PPP$ - 2017);ESP;Spain;01/01/2018;10.3
Total per capita expenditure on the preservation, protection and conservation of all cultural and natural heritage (constant PPP$ - 2017);ESP;Spain;01/01/2019;10.6
Total per capita expenditure on the preservation, protection and conservation of all cultural and natural heritage (constant PPP$ - 2017);ESP;Spain;01/01/2020;3.9
Total per capita expenditure on the preservation, protection and conservation of all cultural and natural heritage (constant PPP$ - 2017);SWE;Sweden;01/01/2018;39.2
Total per capita expenditure on the preservation, protection and conservation of all cultural and natural heritage (constant PPP$ - 2017);SWE;Sweden;01/01/2019;29.2
Total per capita expenditure on the preservation, protection and conservation of all cultural and natural heritage (constant PPP$ - 2017);SWE;Sweden;01/01/2020;28.8
Total per capita expenditure on the preservation, protection and conservation of all cultural and natural heritage (constant PPP$ - 2017);SWE;Sweden;01/01/2021;60.3
Total per capita expenditure on the preservation, protection and conservation of all cultural and natural heritage (constant PPP$ - 2017);CZE;Czechia;01/01/2018;46
Total per capita expenditure on the preservation, protection and conservation of all cultural and natural heritage (constant PPP$ - 2017);CZE;Czechia;01/01/2019;43.5
Total per capita expenditure on the preservation, protection and conservation of all cultural and natural heritage (constant PPP$ - 2017);CZE;Czechia;01/01/2020;42.5
Total per capita expenditure on the preservation, protection and conservation of all cultural and natural heritage (constant PPP$ - 2017);FRA;France;01/01/2018;32.8
Total per capita expenditure on the preservation, protection and conservation of all cultural and natural heritage (constant PPP$ - 2017);FRA;France;01/01/2019;29
Total per capita expenditure on the preservation, protection and conservation of all cultural and natural heritage (constant PPP$ - 2017);FRA;France;01/01/2020;47.3
Total per capita expenditure on the preservation, protection and conservation of all cultural and natural heritage (constant PPP$ - 2017);HUN;Hungary;01/01/2018;110.9
Total per capita expenditure on the preservation, protection and conservation of all cultural and natural heritage (constant PPP$ - 2017);HUN;Hungary;01/01/2019;100.9
Total per capita expenditure on the preservation, protection and conservation of all cultural and natural heritage (constant PPP$ - 2017);HUN;Hungary;01/01/2020;150
Total per capita expenditure on the preservation, protection and conservation of all cultural and natural heritage (constant PPP$ - 2017);MEX;Mexico;01/01/2018;13.1
Total per capita expenditure on the preservation, protection and conservation of all cultural and natural heritage (constant PPP$ - 2017);MEX;Mexico;01/01/2019;10.4
Total per capita expenditure on the preservation, protection and conservation of all cultural and natural heritage (constant PPP$ - 2017);MEX;Mexico;01/01/2020;8.5
Total per capita expenditure on the preservation, protection and conservation of all cultural and natural heritage (constant PPP$ - 2017);MEX;Mexico;01/01/2021;9.3
Total per capita expenditure on the preservation, protection and conservation of all cultural and natural heritage (constant PPP$ - 2017);SVK;Slovakia;01/01/2018;44.5
Total per capita expenditure on the preservation, protection and conservation of all cultural and natural heritage (constant PPP$ - 2017);ESP;Spain;01/01/2017;11
Total per capita expenditure on the preservation, protection and conservation of all cultural and natural heritage (constant PPP$ - 2017);ESP;Spain;01/01/2018;10.6
Total per capita expenditure on the preservation, protection and conservation of all cultural and natural heritage (constant PPP$ - 2017);ESP;Spain;01/01/2019;11
Total per capita expenditure on the preservation, protection and conservation of all cultural and natural heritage (constant PPP$ - 2017);ESP;Spain;01/01/2020;10.6
Total per capita expenditure on the preservation, protection and conservation of all cultural and natural heritage (constant PPP$ - 2017);SWE;Sweden;01/01/2018;76.6
Total per capita expenditure on the preservation, protection and conservation of all cultural and natural heritage (constant PPP$ - 2017);SWE;Sweden;01/01/2019;64.5
Total per capita expenditure on the preservation, protection and conservation of all cultural and natural heritage (constant PPP$ - 2017);SWE;Sweden;01/01/2020;72.2
Total per capita expenditure on the preservation, protection and conservation of all cultural and natural heritage (constant PPP$ - 2017);SWE;Sweden;01/01/2021;99.4
Total per capita expenditure on the preservation, protection and conservation of all cultural and natural heritage (constant PPP$ - 2017);TUR;Türkiye;01/01/2018;15.5
Total per capita expenditure on the preservation, protection and conservation of all cultural and natural heritage (constant PPP$ - 2017);TUR;Türkiye;01/01/2019;10
Total per capita expenditure on the preservation, protection and conservation of all cultural and natural heritage (constant PPP$ - 2017);TUR;Türkiye;01/01/2020;8.6
Total per capita expenditure on the preservation, protection and conservation of all cultural and natural heritage (constant PPP$ - 2017);BLR;Belarus;01/01/2018;18.2
Total per capita expenditure on the preservation, protection and conservation of all cultural and natural heritage (constant PPP$ - 2017);BLR;Belarus;01/01/2019;20.5
Total per capita expenditure on the preservation, protection and conservation of all cultural and natural heritage (constant PPP$ - 2017);CZE;Czechia;01/01/2018;66.9
Total per capita expenditure on the preservation, protection and conservation of all cultural and natural heritage (constant PPP$ - 2017);CZE;Czechia;01/01/2019;68.4
Total per capita expenditure on the preservation, protection and conservation of all cultural and natural heritage (constant PPP$ - 2017);CZE;Czechia;01/01/2020;75.2
Total per capita expenditure on the preservation, protection and conservation of all cultural and natural heritage (constant PPP$ - 2017);FRA;France;01/01/2018;19.3
Total per capita expenditure on the preservation, protection and conservation of all cultural and natural heritage (constant PPP$ - 2017);FRA;France;01/01/2019;19.8
Total per capita expenditure on the preservation, protection and conservation of all cultural and natural heritage (constant PPP$ - 2017);FRA;France;01/01/2020;22.4
Total per capita expenditure on the preservation, protection and conservation of all cultural and natural heritage (constant PPP$ - 2017);ESP;Spain;01/01/2017;14.4
Total per capita expenditure on the preservation, protection and conservation of all cultural and natural heritage (constant PPP$ - 2017);ESP;Spain;01/01/2018;13.9
Total per capita expenditure on the preservation, protection and conservation of all cultural and natural heritage (constant PPP$ - 2017);ESP;Spain;01/01/2019;15.5
Total per capita expenditure on the preservation, protection and conservation of all cultural and natural heritage (constant PPP$ - 2017);ESP;Spain;01/01/2020;16.5
Total per capita expenditure on the preservation, protection and conservation of all cultural and natural heritage (constant PPP$ - 2017);SWE;Sweden;01/01/2018;5.1
Total per capita expenditure on the preservation, protection and conservation of all cultural and natural heritage (constant PPP$ - 2017);SWE;Sweden;01/01/2019;4.9
Total per capita expenditure on the preservation, protection and conservation of all cultural and natural heritage (constant PPP$ - 2017);SWE;Sweden;01/01/2020;5.2
Total per capita expenditure on the preservation, protection and conservation of all cultural and natural heritage (constant PPP$ - 2017);SWE;Sweden;01/01/2021;5.5
Total per capita expenditure on the preservation, protection and conservation of all cultural and natural heritage (constant PPP$ - 2017);FRA;France;01/01/2018;56.1
Total per capita expenditure on the preservation, protection and conservation of all cultural and natural heritage (constant PPP$ - 2017);FRA;France;01/01/2019;71.1
Total per capita expenditure on the preservation, protection and conservation of all cultural and natural heritage (constant PPP$ - 2017);FRA;France;01/01/2020;68.7
Total per capita expenditure on the preservation, protection and conservation of all cultural and natural heritage (constant PPP$ - 2017);HUN;Hungary;01/01/2018;39.6
Total per capita expenditure on the preservation, protection and conservation of all cultural and natural heritage (constant PPP$ - 2017);HUN;Hungary;01/01/2019;45.9
Total per capita expenditure on the preservation, protection and conservation of all cultural and natural heritage (constant PPP$ - 2017);HUN;Hungary;01/01/2020;37.3
Total per capita expenditure on the preservation, protection and conservation of all cultural and natural heritage (constant PPP$ - 2017);ESP;Spain;01/01/2017;18.1
Total per capita expenditure on the preservation, protection and conservation of all cultural and natural heritage (constant PPP$ - 2017);ESP;Spain;01/01/2018;19.3
Total per capita expenditure on the preservation, protection and conservation of all cultural and natural heritage (constant PPP$ - 2017);ESP;Spain;01/01/2019;20.5
Total per capita expenditure on the preservation, protection and conservation of all cultural and natural heritage (constant PPP$ - 2017);ESP;Spain;01/01/2020;19.9
Total per capita expenditure on the preservation, protection and conservation of all cultural and natural heritage (constant PPP$ - 2017);TUR;Türkiye;01/01/2018;13.8
Total per capita expenditure on the preservation, protection and conservation of all cultural and natural heritage (constant PPP$ - 2017);TUR;Türkiye;01/01/2019;5.9
Total per capita expenditure on the preservation, protection and conservation of all cultural and natural heritage (constant PPP$ - 2017);TUR;Türkiye;01/01/2020;3.8
Total per capita expenditure on the preservation, protection and conservation of all cultural and natural heritage (constant PPP$ - 2017);BLR;Belarus;01/01/2018;61.7
Total per capita expenditure on the preservation, protection and conservation of all cultural and natural heritage (constant PPP$ - 2017);BLR;Belarus;01/01/2019;52
Total per capita expenditure on the preservation, protection and conservation of all cultural and natural heritage (constant PPP$ - 2017);FIN;Finland;01/01/2017;197.1
Total per capita expenditure on the preservation, protection and conservation of all cultural and natural heritage (constant PPP$ - 2017);FIN;Finland;01/01/2018;201.5
Total per capita expenditure on the preservation, protection and conservation of all cultural and natural heritage (constant PPP$ - 2017);FIN;Finland;01/01/2019;196.9
Total per capita expenditure on the preservation, protection and conservation of all cultural and natural heritage (constant PPP$ - 2017);FIN;Finland;01/01/2020;213.8
Total per capita expenditure on the preservation, protection and conservation of all cultural and natural heritage (constant PPP$ - 2017);POL;Poland;01/01/2019;104.4
Total per capita expenditure on the preservation, protection and conservation of all cultural and natural heritage (constant PPP$ - 2017);POL;Poland;01/01/2020;99.1
Total per capita expenditure on the preservation, protection and conservation of all cultural and natural heritage (constant PPP$ - 2017);POL;Poland;01/01/2021;94.4
Total per capita expenditure on the preservation, protection and conservation of all cultural and natural heritage (constant PPP$ - 2017);FIN;Finland;01/01/2017;162.8
Total per capita expenditure on the preservation, protection and conservation of all cultural and natural heritage (constant PPP$ - 2017);FIN;Finland;01/01/2018;171.4
Total per capita expenditure on the preservation, protection and conservation of all cultural and natural heritage (constant PPP$ - 2017);FIN;Finland;01/01/2019;161.5
Total per capita expenditure on the preservation, protection and conservation of all cultural and natural heritage (constant PPP$ - 2017);FIN;Finland;01/01/2020;183.5
Total per capita expenditure on the preservation, protection and conservation of all cultural and natural heritage (constant PPP$ - 2017);JPN;Japan;01/01/2019;4.1
Total per capita expenditure on the preservation, protection and conservation of all cultural and natural heritage (constant PPP$ - 2017);JPN;Japan;01/01/2020;4.6
Total per capita expenditure on the preservation, protection and conservation of all cultural and natural heritage (constant PPP$ - 2017);JPN;Japan;01/01/2021;4.6
Total per capita expenditure on the preservation, protection and conservation of all cultural and natural heritage (constant PPP$ - 2017);KOR;Republic of Korea;01/01/2019;65.9
Total per capita expenditure on the preservation, protection and conservation of all cultural and natural heritage (constant PPP$ - 2017);KOR;Republic of Korea;01/01/2020;40.7
Total per capita expenditure on the preservation, protection and conservation of all cultural and natural heritage (constant PPP$ - 2017);LUX;Luxembourg;01/01/2019;200.1
Total per capita expenditure on the preservation, protection and conservation of all cultural and natural heritage (constant PPP$ - 2017);LUX;Luxembourg;01/01/2020;201.8
Total per capita expenditure on the preservation, protection and conservation of all cultural and natural heritage (constant PPP$ - 2017);LUX;Luxembourg;01/01/2021;215.5
Total per capita expenditure on the preservation, protection and conservation of all cultural and natural heritage (constant PPP$ - 2017);POL;Poland;01/01/2019;71.6
Total per capita expenditure on the preservation, protection and conservation of all cultural and natural heritage (constant PPP$ - 2017);POL;Poland;01/01/2020;67.2
Total per capita expenditure on the preservation, protection and conservation of all cultural and natural heritage (constant PPP$ - 2017);POL;Poland;01/01/2021;68.9
Total per capita expenditure on the preservation, protection and conservation of all cultural and natural heritage (constant PPP$ - 2017);AZE;Azerbaijan;01/01/2019;0.7
Total per capita expenditure on the preservation, protection and conservation of all cultural and natural heritage (constant PPP$ - 2017);BRA;Brazil;01/01/2019;7.2
Total per capita expenditure on the preservation, protection and conservation of all cultural and natural heritage (constant PPP$ - 2017);BRA;Brazil;01/01/2020;7.8
Total per capita expenditure on the preservation, protection and conservation of all cultural and natural heritage (constant PPP$ - 2017);BRA;Brazil;01/01/2021;6.7
Total per capita expenditure on the preservation, protection and conservation of all cultural and natural heritage (constant PPP$ - 2017);BFA;Burkina Faso;01/01/2019;
Total per capita expenditure on the preservation, protection and conservation of all cultural and natural heritage (constant PPP$ - 2017);CHN;China;01/01/2019;7.7
Total per capita expenditure on the preservation, protection and conservation of all cultural and natural heritage (constant PPP$ - 2017);ECU;Ecuador;01/01/2019;24.9
Total per capita expenditure on the preservation, protection and conservation of all cultural and natural heritage (constant PPP$ - 2017);ECU;Ecuador;01/01/2020;26.4
Total per capita expenditure on the preservation, protection and conservation of all cultural and natural heritage (constant PPP$ - 2017);ECU;Ecuador;01/01/2021;25.4
Total per capita expenditure on the preservation, protection and conservation of all cultural and natural heritage (constant PPP$ - 2017);ISR;Israel;01/01/2019;26.3
Total per capita expenditure on the preservation, protection and conservation of all cultural and natural heritage (constant PPP$ - 2017);ISR;Israel;01/01/2020;22.2
Total per capita expenditure on the preservation, protection and conservation of all cultural and natural heritage (constant PPP$ - 2017);MUS;Mauritius;01/01/2019;12.3
Total per capita expenditure on the preservation, protection and conservation of all cultural and natural heritage (constant PPP$ - 2017);MUS;Mauritius;01/01/2020;11.5
Total per capita expenditure on the preservation, protection and conservation of all cultural and natural heritage (constant PPP$ - 2017);MUS;Mauritius;01/01/2021;14
Total per capita expenditure on the preservation, protection and conservation of all cultural and natural heritage (constant PPP$ - 2017);MDA;Republic of Moldova;01/01/2019;5.1
Total per capita expenditure on the preservation, protection and conservation of all cultural and natural heritage (constant PPP$ - 2017);MDA;Republic of Moldova;01/01/2020;3.8
Total per capita expenditure on the preservation, protection and conservation of all cultural and natural heritage (constant PPP$ - 2017);MDA;Republic of Moldova;01/01/2021;5.9
Total per capita expenditure on the preservation, protection and conservation of all cultural and natural heritage (constant PPP$ - 2017);NIC;Nicaragua;01/01/2019;0.4
Total per capita expenditure on the preservation, protection and conservation of all cultural and natural heritage (constant PPP$ - 2017);NIC;Nicaragua;01/01/2020;0.6
Total per capita expenditure on the preservation, protection and conservation of all cultural and natural heritage (constant PPP$ - 2017);PER;Peru;01/01/2019;13.2
Total per capita expenditure on the preservation, protection and conservation of all cultural and natural heritage (constant PPP$ - 2017);PER;Peru;01/01/2020;11.4
Total per capita expenditure on the preservation, protection and conservation of all cultural and natural heritage (constant PPP$ - 2017);PER;Peru;01/01/2021;10.2
Total per capita expenditure on the preservation, protection and conservation of all cultural and natural heritage (constant PPP$ - 2017);FIN;Finland;01/01/2017;34.2
Total per capita expenditure on the preservation, protection and conservation of all cultural and natural heritage (constant PPP$ - 2017);FIN;Finland;01/01/2018;30.1
Total per capita expenditure on the preservation, protection and conservation of all cultural and natural heritage (constant PPP$ - 2017);FIN;Finland;01/01/2019;35.4
Total per capita expenditure on the preservation, protection and conservation of all cultural and natural heritage (constant PPP$ - 2017);FIN;Finland;01/01/2020;30.3
Total per capita expenditure on the preservation, protection and conservation of all cultural and natural heritage (constant PPP$ - 2017);POL;Poland;01/01/2019;32.8
Total per capita expenditure on the preservation, protection and conservation of all cultural and natural heritage (constant PPP$ - 2017);POL;Poland;01/01/2020;31.9
Total per capita expenditure on the preservation, protection and conservation of all cultural and natural heritage (constant PPP$ - 2017);POL;Poland;01/01/2021;25.5
Total per capita expenditure on the preservation, protection and conservation of all cultural and natural heritage (constant PPP$ - 2017);FIN;Finland;01/01/2017;194.5
Total per capita expenditure on the preservation, protection and conservation of all cultural and natural heritage (constant PPP$ - 2017);FIN;Finland;01/01/2018;195
Total per capita expenditure on the preservation, protection and conservation of all cultural and natural heritage (constant PPP$ - 2017);FIN;Finland;01/01/2019;186.8
Total per capita expenditure on the preservation, protection and conservation of all cultural and natural heritage (constant PPP$ - 2017);FIN;Finland;01/01/2020;208
Total per capita expenditure on the preservation, protection and conservation of all cultural and natural heritage (constant PPP$ - 2017);BFA;Burkina Faso;01/01/2019;
Total per capita expenditure on the preservation, protection and conservation of all cultural and natural heritage (constant PPP$ - 2017);ISR;Israel;01/01/2019;56.7
Total per capita expenditure on the preservation, protection and conservation of all cultural and natural heritage (constant PPP$ - 2017);ISR;Israel;01/01/2020;45.8
Total per capita expenditure on the preservation, protection and conservation of all cultural and natural heritage (constant PPP$ - 2017);FIN;Finland;01/01/2017;2.5
Total per capita expenditure on the preservation, protection and conservation of all cultural and natural heritage (constant PPP$ - 2017);FIN;Finland;01/01/2018;6.5
Total per capita expenditure on the preservation, protection and conservation of all cultural and natural heritage (constant PPP$ - 2017);FIN;Finland;01/01/2019;10.1
Total per capita expenditure on the preservation, protection and conservation of all cultural and natural heritage (constant PPP$ - 2017);FIN;Finland;01/01/2020;5.8
Total per capita expenditure on the preservation, protection and conservation of all cultural and natural heritage (constant PPP$ - 2017);BIH;Bosnia and Herzegovina;01/01/2019;2.7
Total per capita expenditure on the preservation, protection and conservation of all cultural and natural heritage (constant PPP$ - 2017);BIH;Bosnia and Herzegovina;01/01/2020;2.9
Total per capita expenditure on the preservation, protection and conservation of all cultural and natural heritage (constant PPP$ - 2017);BIH;Bosnia and Herzegovina;01/01/2021;3
Total per capita expenditure on the preservation, protection and conservation of all cultural and natural heritage (constant PPP$ - 2017);FIN;Finland;01/01/2017;68.5
Total per capita expenditure on the preservation, protection and conservation of all cultural and natural heritage (constant PPP$ - 2017);FIN;Finland;01/01/2018;73.4
Total per capita expenditure on the preservation, protection and conservation of all cultural and natural heritage (constant PPP$ - 2017);FIN;Finland;01/01/2019;66.8
Total per capita expenditure on the preservation, protection and conservation of all cultural and natural heritage (constant PPP$ - 2017);FIN;Finland;01/01/2020;95.2
Total per capita expenditure on the preservation, protection and conservation of all cultural and natural heritage (constant PPP$ - 2017);JPN;Japan;01/01/2019;4.1
Total per capita expenditure on the preservation, protection and conservation of all cultural and natural heritage (constant PPP$ - 2017);JPN;Japan;01/01/2020;4.6
Total per capita expenditure on the preservation, protection and conservation of all cultural and natural heritage (constant PPP$ - 2017);JPN;Japan;01/01/2021;4.6
Total per capita expenditure on the preservation, protection and conservation of all cultural and natural heritage (constant PPP$ - 2017);KOR;Republic of Korea;01/01/2019;26.2
Total per capita expenditure on the preservation, protection and conservation of all cultural and natural heritage (constant PPP$ - 2017);KOR;Republic of Korea;01/01/2020;27
Total per capita expenditure on the preservation, protection and conservation of all cultural and natural heritage (constant PPP$ - 2017);POL;Poland;01/01/2019;25.3
Total per capita expenditure on the preservation, protection and conservation of all cultural and natural heritage (constant PPP$ - 2017);POL;Poland;01/01/2020;24.9
Total per capita expenditure on the preservation, protection and conservation of all cultural and natural heritage (constant PPP$ - 2017);POL;Poland;01/01/2021;26.5
Total per capita expenditure on the preservation, protection and conservation of all cultural and natural heritage (constant PPP$ - 2017);AZE;Azerbaijan;01/01/2019;0.7
Total per capita expenditure on the preservation, protection and conservation of all cultural and natural heritage (constant PPP$ - 2017);BRA;Brazil;01/01/2019;0.9
Total per capita expenditure on the preservation, protection and conservation of all cultural and natural heritage (constant PPP$ - 2017);BRA;Brazil;01/01/2020;1.4
Total per capita expenditure on the preservation, protection and conservation of all cultural and natural heritage (constant PPP$ - 2017);BRA;Brazil;01/01/2021;0.7
Total per capita expenditure on the preservation, protection and conservation of all cultural and natural heritage (constant PPP$ - 2017);BFA;Burkina Faso;01/01/2019;
Total per capita expenditure on the preservation, protection and conservation of all cultural and natural heritage (constant PPP$ - 2017);CHN;China;01/01/2019;7.7
Total per capita expenditure on the preservation, protection and conservation of all cultural and natural heritage (constant PPP$ - 2017);ECU;Ecuador;01/01/2019;7.2
Total per capita expenditure on the preservation, protection and conservation of all cultural and natural heritage (constant PPP$ - 2017);ECU;Ecuador;01/01/2020;8.3
Total per capita expenditure on the preservation, protection and conservation of all cultural and natural heritage (constant PPP$ - 2017);ECU;Ecuador;01/01/2021;7.6
Total per capita expenditure on the preservation, protection and conservation of all cultural and natural heritage (constant PPP$ - 2017);ISR;Israel;01/01/2019;25.3
Total per capita expenditure on the preservation, protection and conservation of all cultural and natural heritage (constant PPP$ - 2017);ISR;Israel;01/01/2020;21.3
Total per capita expenditure on the preservation, protection and conservation of all cultural and natural heritage (constant PPP$ - 2017);MDA;Republic of Moldova;01/01/2019;2.7
Total per capita expenditure on the preservation, protection and conservation of all cultural and natural heritage (constant PPP$ - 2017);MDA;Republic of Moldova;01/01/2020;2.3
Total per capita expenditure on the preservation, protection and conservation of all cultural and natural heritage (constant PPP$ - 2017);MDA;Republic of Moldova;01/01/2021;3.7
Total per capita expenditure on the preservation, protection and conservation of all cultural and natural heritage (constant PPP$ - 2017);NIC;Nicaragua;01/01/2019;0.4
Total per capita expenditure on the preservation, protection and conservation of all cultural and natural heritage (constant PPP$ - 2017);NIC;Nicaragua;01/01/2020;0.6
Total per capita expenditure on the preservation, protection and conservation of all cultural and natural heritage (constant PPP$ - 2017);PER;Peru;01/01/2019;9.7
Total per capita expenditure on the preservation, protection and conservation of all cultural and natural heritage (constant PPP$ - 2017);PER;Peru;01/01/2020;8.5
Total per capita expenditure on the preservation, protection and conservation of all cultural and natural heritage (constant PPP$ - 2017);PER;Peru;01/01/2021;7
Total per capita expenditure on the preservation, protection and conservation of all cultural and natural heritage (constant PPP$ - 2017);KOR;Republic of Korea;01/01/2019;39.7
Total per capita expenditure on the preservation, protection and conservation of all cultural and natural heritage (constant PPP$ - 2017);KOR;Republic of Korea;01/01/2020;13.7
Total per capita expenditure on the preservation, protection and conservation of all cultural and natural heritage (constant PPP$ - 2017);BRA;Brazil;01/01/2019;1.4
Total per capita expenditure on the preservation, protection and conservation of all cultural and natural heritage (constant PPP$ - 2017);BRA;Brazil;01/01/2020;1.3
Total per capita expenditure on the preservation, protection and conservation of all cultural and natural heritage (constant PPP$ - 2017);BRA;Brazil;01/01/2021;1.5
Total per capita expenditure on the preservation, protection and conservation of all cultural and natural heritage (constant PPP$ - 2017);PER;Peru;01/01/2019;1.9
Total per capita expenditure on the preservation, protection and conservation of all cultural and natural heritage (constant PPP$ - 2017);PER;Peru;01/01/2020;1.9
Total per capita expenditure on the preservation, protection and conservation of all cultural and natural heritage (constant PPP$ - 2017);PER;Peru;01/01/2021;1.9
Total per capita expenditure on the preservation, protection and conservation of all cultural and natural heritage (constant PPP$ - 2017);POL;Poland;01/01/2019;46.3
Total per capita expenditure on the preservation, protection and conservation of all cultural and natural heritage (constant PPP$ - 2017);POL;Poland;01/01/2020;42.3
Total per capita expenditure on the preservation, protection and conservation of all cultural and natural heritage (constant PPP$ - 2017);POL;Poland;01/01/2021;42.4
Total per capita expenditure on the preservation, protection and conservation of all cultural and natural heritage (constant PPP$ - 2017);BRA;Brazil;01/01/2019;5
Total per capita expenditure on the preservation, protection and conservation of all cultural and natural heritage (constant PPP$ - 2017);BRA;Brazil;01/01/2020;5.1
Total per capita expenditure on the preservation, protection and conservation of all cultural and natural heritage (constant PPP$ - 2017);BRA;Brazil;01/01/2021;4.5
Total per capita expenditure on the preservation, protection and conservation of all cultural and natural heritage (constant PPP$ - 2017);ISR;Israel;01/01/2019;1
Total per capita expenditure on the preservation, protection and conservation of all cultural and natural heritage (constant PPP$ - 2017);ISR;Israel;01/01/2020;0.9
Total per capita expenditure on the preservation, protection and conservation of all cultural and natural heritage (constant PPP$ - 2017);MDA;Republic of Moldova;01/01/2019;2.4
Total per capita expenditure on the preservation, protection and conservation of all cultural and natural heritage (constant PPP$ - 2017);MDA;Republic of Moldova;01/01/2020;1.5
Total per capita expenditure on the preservation, protection and conservation of all cultural and natural heritage (constant PPP$ - 2017);MDA;Republic of Moldova;01/01/2021;2.2
Total per capita expenditure on the preservation, protection and conservation of all cultural and natural heritage (constant PPP$ - 2017);PER;Peru;01/01/2019;1.7
Total per capita expenditure on the preservation, protection and conservation of all cultural and natural heritage (constant PPP$ - 2017);PER;Peru;01/01/2020;1
Total per capita expenditure on the preservation, protection and conservation of all cultural and natural heritage (constant PPP$ - 2017);PER;Peru;01/01/2021;1.3
Total per capita expenditure on the preservation, protection and conservation of all cultural and natural heritage (constant PPP$ - 2017);BLR;Belarus;01/01/2019;72.7
Total per capita expenditure on the preservation, protection and conservation of all cultural and natural heritage (constant PPP$ - 2017);GEO;Georgia;01/01/2020;4.5
Total per capita expenditure on the preservation, protection and conservation of all cultural and natural heritage (constant PPP$ - 2017);GEO;Georgia;01/01/2021;12.5
Total per capita expenditure on the preservation, protection and conservation of all cultural and natural heritage (constant PPP$ - 2017);UZB;Uzbekistan;01/01/2020;
Total per capita expenditure on the preservation, protection and conservation of all cultural and natural heritage (constant PPP$ - 2017);BLR;Belarus;01/01/2019;0.2
Total per capita expenditure on the preservation, protection and conservation of all cultural and natural heritage (constant PPP$ - 2017);GEO;Georgia;01/01/2020;4.2
Total per capita expenditure on the preservation, protection and conservation of all cultural and natural heritage (constant PPP$ - 2017);GEO;Georgia;01/01/2021;2.1
Total per capita expenditure on the preservation, protection and conservation of all cultural and natural heritage (constant PPP$ - 2017);BLR;Belarus;01/01/2019;72.1
Total per capita expenditure on the preservation, protection and conservation of all cultural and natural heritage (constant PPP$ - 2017);GEO;Georgia;01/01/2020;8.7
Total per capita expenditure on the preservation, protection and conservation of all cultural and natural heritage (constant PPP$ - 2017);GEO;Georgia;01/01/2021;4.5
Total per capita expenditure on the preservation, protection and conservation of all cultural and natural heritage (constant PPP$ - 2017);BLR;Belarus;01/01/2019;0.5
Total per capita expenditure on the preservation, protection and conservation of all cultural and natural heritage (constant PPP$ - 2017);GEO;Georgia;01/01/2020;4.5
Total per capita expenditure on the preservation, protection and conservation of all cultural and natural heritage (constant PPP$ - 2017);GEO;Georgia;01/01/2021;12.5
Total per capita expenditure on the preservation, protection and conservation of all cultural and natural heritage (constant PPP$ - 2017);UZB;Uzbekistan;01/01/2020;
Total per capita expenditure on the preservation, protection and conservation of all cultural and natural heritage (constant PPP$ - 2017);AUS;Australia;01/01/2020;55.8
Total per capita expenditure on the preservation, protection and conservation of all cultural and natural heritage (constant PPP$ - 2017);AUS;Australia;01/01/2020;54.8
Total per capita expenditure on the preservation, protection and conservation of all cultural and natural heritage (constant PPP$ - 2017);AUS;Australia;01/01/2021;43.1
Total per capita expenditure on the preservation, protection and conservation of all cultural and natural heritage (constant PPP$ - 2017);AUS;Australia;01/01/2020;1.1
Total per capita expenditure on the preservation, protection and conservation of all cultural and natural heritage (constant PPP$ - 2017);AUS;Australia;01/01/2020;12.8
Total per capita expenditure on the preservation, protection and conservation of all cultural and natural heritage (constant PPP$ - 2017);AUS;Australia;01/01/2020;21.6
Total per capita expenditure on the preservation, protection and conservation of all cultural and natural heritage (constant PPP$ - 2017);AUS;Australia;01/01/2021;18.5
Total per capita expenditure on the preservation, protection and conservation of all cultural and natural heritage (constant PPP$ - 2017);AUS;Australia;01/01/2020;27.2
Total per capita expenditure on the preservation, protection and conservation of all cultural and natural heritage (constant PPP$ - 2017);AUS;Australia;01/01/2021;24.6
Total per capita expenditure on the preservation, protection and conservation of all cultural and natural heritage (constant PPP$ - 2017);AUS;Australia;01/01/2020;5.9
Total per capita expenditure on the preservation, protection and conservation of all cultural and natural heritage (constant PPP$ - 2017);DNK;Denmark;01/01/2019;217.8
Total per capita expenditure on the preservation, protection and conservation of all cultural and natural heritage (constant PPP$ - 2017);DNK;Denmark;01/01/2020;216.4
Total per capita expenditure on the preservation, protection and conservation of all cultural and natural heritage (constant PPP$ - 2017);DNK;Denmark;01/01/2019;120
Total per capita expenditure on the preservation, protection and conservation of all cultural and natural heritage (constant PPP$ - 2017);DNK;Denmark;01/01/2020;122.7
Total per capita expenditure on the preservation, protection and conservation of all cultural and natural heritage (constant PPP$ - 2017);DNK;Denmark;01/01/2019;165.7
Total per capita expenditure on the preservation, protection and conservation of all cultural and natural heritage (constant PPP$ - 2017);DNK;Denmark;01/01/2020;152.8
Total per capita expenditure on the preservation, protection and conservation of all cultural and natural heritage (constant PPP$ - 2017);DNK;Denmark;01/01/2019;52.1
Total per capita expenditure on the preservation, protection and conservation of all cultural and natural heritage (constant PPP$ - 2017);DNK;Denmark;01/01/2020;63.6
Total per capita expenditure on the preservation, protection and conservation of all cultural and natural heritage (constant PPP$ - 2017);FIN;Finland;01/01/2017;94.3
Total per capita expenditure on the preservation, protection and conservation of all cultural and natural heritage (constant PPP$ - 2017);FIN;Finland;01/01/2018;98
Total per capita expenditure on the preservation, protection and conservation of all cultural and natural heritage (constant PPP$ - 2017);FIN;Finland;01/01/2019;94.7
Total per capita expenditure on the preservation, protection and conservation of all cultural and natural heritage (constant PPP$ - 2017);FIN;Finland;01/01/2020;88.3
Total per capita expenditure on the preservation, protection and conservation of all cultural and natural heritage (constant PPP$ - 2017);FRA;France;01/01/2018;116.1
Total per capita expenditure on the preservation, protection and conservation of all cultural and natural heritage (constant PPP$ - 2017);FRA;France;01/01/2019;129.6
Total per capita expenditure on the preservation, protection and conservation of all cultural and natural heritage (constant PPP$ - 2017);FRA;France;01/01/2020;151.8
Total per capita expenditure on the preservation, protection and conservation of all cultural and natural heritage (constant PPP$ - 2017);FRA;France;01/01/2018;8
Total per capita expenditure on the preservation, protection and conservation of all cultural and natural heritage (constant PPP$ - 2017);FRA;France;01/01/2019;9.8
Total per capita expenditure on the preservation, protection and conservation of all cultural and natural heritage (constant PPP$ - 2017);FRA;France;01/01/2020;13.3
Total per capita expenditure on the preservation, protection and conservation of all cultural and natural heritage (constant PPP$ - 2017);FRA;France;01/01/2018;89.6
Total per capita expenditure on the preservation, protection and conservation of all cultural and natural heritage (constant PPP$ - 2017);FRA;France;01/01/2019;102
Total per capita expenditure on the preservation, protection and conservation of all cultural and natural heritage (constant PPP$ - 2017);FRA;France;01/01/2020;110.7
Total per capita expenditure on the preservation, protection and conservation of all cultural and natural heritage (constant PPP$ - 2017);GRC;Greece;01/01/2020;10.8
Total per capita expenditure on the preservation, protection and conservation of all cultural and natural heritage (constant PPP$ - 2017);GRC;Greece;01/01/2020;10.3
Total per capita expenditure on the preservation, protection and conservation of all cultural and natural heritage (constant PPP$ - 2017);GRC;Greece;01/01/2020;0.4
Total per capita expenditure on the preservation, protection and conservation of all cultural and natural heritage (constant PPP$ - 2017);GRC;Greece;01/01/2020;10.8
Total per capita expenditure on the preservation, protection and conservation of all cultural and natural heritage (constant PPP$ - 2017);GRC;Greece;01/01/2020;10.3
Total per capita expenditure on the preservation, protection and conservation of all cultural and natural heritage (constant PPP$ - 2017);LUX;Luxembourg;01/01/2020;205.3
Total per capita expenditure on the preservation, protection and conservation of all cultural and natural heritage (constant PPP$ - 2017);LUX;Luxembourg;01/01/2021;220.8
Total per capita expenditure on the preservation, protection and conservation of all cultural and natural heritage (constant PPP$ - 2017);LUX;Luxembourg;01/01/2020;3.5
Total per capita expenditure on the preservation, protection and conservation of all cultural and natural heritage (constant PPP$ - 2017);LUX;Luxembourg;01/01/2021;5.3
Total per capita expenditure on the preservation, protection and conservation of all cultural and natural heritage (constant PPP$ - 2017);LUX;Luxembourg;01/01/2020;177.8
Total per capita expenditure on the preservation, protection and conservation of all cultural and natural heritage (constant PPP$ - 2017);LUX;Luxembourg;01/01/2021;188.7
Total per capita expenditure on the preservation, protection and conservation of all cultural and natural heritage (constant PPP$ - 2017);LUX;Luxembourg;01/01/2020;27.4
Total per capita expenditure on the preservation, protection and conservation of all cultural and natural heritage (constant PPP$ - 2017);LUX;Luxembourg;01/01/2021;32
Total per capita expenditure on the preservation, protection and conservation of all cultural and natural heritage (constant PPP$ - 2017);NLD;Netherlands;01/01/2020;72.5
Total per capita expenditure on the preservation, protection and conservation of all cultural and natural heritage (constant PPP$ - 2017);NOR;Norway;01/01/2020;23.8
Total per capita expenditure on the preservation, protection and conservation of all cultural and natural heritage (constant PPP$ - 2017);NOR;Norway;01/01/2021;22.6
Total per capita expenditure on the preservation, protection and conservation of all cultural and natural heritage (constant PPP$ - 2017);NOR;Norway;01/01/2020;21.8
Total per capita expenditure on the preservation, protection and conservation of all cultural and natural heritage (constant PPP$ - 2017);NOR;Norway;01/01/2021;21.3
Total per capita expenditure on the preservation, protection and conservation of all cultural and natural heritage (constant PPP$ - 2017);NOR;Norway;01/01/2020;1.9
Total per capita expenditure on the preservation, protection and conservation of all cultural and natural heritage (constant PPP$ - 2017);NOR;Norway;01/01/2021;1.3
Total per capita expenditure on the preservation, protection and conservation of all cultural and natural heritage (constant PPP$ - 2017);NOR;Norway;01/01/2020;23.8
Total per capita expenditure on the preservation, protection and conservation of all cultural and natural heritage (constant PPP$ - 2017);NOR;Norway;01/01/2021;22.6
Total per capita expenditure on the preservation, protection and conservation of all cultural and natural heritage (constant PPP$ - 2017);NOR;Norway;01/01/2020;14.4
Total per capita expenditure on the preservation, protection and conservation of all cultural and natural heritage (constant PPP$ - 2017);NOR;Norway;01/01/2021;13.4
Total per capita expenditure on the preservation, protection and conservation of all cultural and natural heritage (constant PPP$ - 2017);NOR;Norway;01/01/2020;5.4
Total per capita expenditure on the preservation, protection and conservation of all cultural and natural heritage (constant PPP$ - 2017);NOR;Norway;01/01/2021;5.6
Total per capita expenditure on the preservation, protection and conservation of all cultural and natural heritage (constant PPP$ - 2017);NOR;Norway;01/01/2020;2
Total per capita expenditure on the preservation, protection and conservation of all cultural and natural heritage (constant PPP$ - 2017);NOR;Norway;01/01/2021;2.2
Total per capita expenditure on the preservation, protection and conservation of all cultural and natural heritage (constant PPP$ - 2017);SWE;Sweden;01/01/2018;3.5
Total per capita expenditure on the preservation, protection and conservation of all cultural and natural heritage (constant PPP$ - 2017);SWE;Sweden;01/01/2019;3.3
Total per capita expenditure on the preservation, protection and conservation of all cultural and natural heritage (constant PPP$ - 2017);SWE;Sweden;01/01/2020;3.6
Total per capita expenditure on the preservation, protection and conservation of all cultural and natural heritage (constant PPP$ - 2017);SWE;Sweden;01/01/2021;4.1
Total per capita expenditure on the preservation, protection and conservation of all cultural and natural heritage (constant PPP$ - 2017);CHE;Switzerland;01/01/2018;187.2
Total per capita expenditure on the preservation, protection and conservation of all cultural and natural heritage (constant PPP$ - 2017);CHE;Switzerland;01/01/2019;198.2
Total per capita expenditure on the preservation, protection and conservation of all cultural and natural heritage (constant PPP$ - 2017);CHE;Switzerland;01/01/2020;195.1
Total per capita expenditure on the preservation, protection and conservation of all cultural and natural heritage (constant PPP$ - 2017);CHE;Switzerland;01/01/2018;161.5
Total per capita expenditure on the preservation, protection and conservation of all cultural and natural heritage (constant PPP$ - 2017);CHE;Switzerland;01/01/2019;171
Total per capita expenditure on the preservation, protection and conservation of all cultural and natural heritage (constant PPP$ - 2017);CHE;Switzerland;01/01/2020;181.9
Total per capita expenditure on the preservation, protection and conservation of all cultural and natural heritage (constant PPP$ - 2017);CHE;Switzerland;01/01/2018;25.7
Total per capita expenditure on the preservation, protection and conservation of all cultural and natural heritage (constant PPP$ - 2017);CHE;Switzerland;01/01/2019;27.2
Total per capita expenditure on the preservation, protection and conservation of all cultural and natural heritage (constant PPP$ - 2017);CHE;Switzerland;01/01/2020;13.2
Total per capita expenditure on the preservation, protection and conservation of all cultural and natural heritage (constant PPP$ - 2017);CHE;Switzerland;01/01/2018;110.2
Total per capita expenditure on the preservation, protection and conservation of all cultural and natural heritage (constant PPP$ - 2017);CHE;Switzerland;01/01/2019;116.5
Total per capita expenditure on the preservation, protection and conservation of all cultural and natural heritage (constant PPP$ - 2017);CHE;Switzerland;01/01/2020;104.8
Total per capita expenditure on the preservation, protection and conservation of all cultural and natural heritage (constant PPP$ - 2017);CHE;Switzerland;01/01/2018;77
Total per capita expenditure on the preservation, protection and conservation of all cultural and natural heritage (constant PPP$ - 2017);CHE;Switzerland;01/01/2019;81.7
Total per capita expenditure on the preservation, protection and conservation of all cultural and natural heritage (constant PPP$ - 2017);CHE;Switzerland;01/01/2020;90.2
Total per capita expenditure on the preservation, protection and conservation of all cultural and natural heritage (constant PPP$ - 2017);CHE;Switzerland;01/01/2018;60.8
Total per capita expenditure on the preservation, protection and conservation of all cultural and natural heritage (constant PPP$ - 2017);CHE;Switzerland;01/01/2019;63.3
Total per capita expenditure on the preservation, protection and conservation of all cultural and natural heritage (constant PPP$ - 2017);CHE;Switzerland;01/01/2020;69.6
Total per capita expenditure on the preservation, protection and conservation of all cultural and natural heritage (constant PPP$ - 2017);CHE;Switzerland;01/01/2018;65.8
Total per capita expenditure on the preservation, protection and conservation of all cultural and natural heritage (constant PPP$ - 2017);CHE;Switzerland;01/01/2019;69.4
Total per capita expenditure on the preservation, protection and conservation of all cultural and natural heritage (constant PPP$ - 2017);CHE;Switzerland;01/01/2020;74.6
Total per capita expenditure on the preservation, protection and conservation of all cultural and natural heritage (constant PPP$ - 2017);CHE;Switzerland;01/01/2018;34.9
Total per capita expenditure on the preservation, protection and conservation of all cultural and natural heritage (constant PPP$ - 2017);CHE;Switzerland;01/01/2019;38.2
Total per capita expenditure on the preservation, protection and conservation of all cultural and natural heritage (constant PPP$ - 2017);CHE;Switzerland;01/01/2020;37.7
Total per capita expenditure on the preservation, protection and conservation of all cultural and natural heritage (constant PPP$ - 2017);BIH;Bosnia and Herzegovina;01/01/2019;51.6
Total per capita expenditure on the preservation, protection and conservation of all cultural and natural heritage (constant PPP$ - 2017);BIH;Bosnia and Herzegovina;01/01/2020;49.5
Total per capita expenditure on the preservation, protection and conservation of all cultural and natural heritage (constant PPP$ - 2017);BIH;Bosnia and Herzegovina;01/01/2021;52.3
Total per capita expenditure on the preservation, protection and conservation of all cultural and natural heritage (constant PPP$ - 2017);BIH;Bosnia and Herzegovina;01/01/2019;50.4
Total per capita expenditure on the preservation, protection and conservation of all cultural and natural heritage (constant PPP$ - 2017);BIH;Bosnia and Herzegovina;01/01/2020;45.7
Total per capita expenditure on the preservation, protection and conservation of all cultural and natural heritage (constant PPP$ - 2017);BIH;Bosnia and Herzegovina;01/01/2021;51.6
Total per capita expenditure on the preservation, protection and conservation of all cultural and natural heritage (constant PPP$ - 2017);BIH;Bosnia and Herzegovina;01/01/2019;1.2
Total per capita expenditure on the preservation, protection and conservation of all cultural and natural heritage (constant PPP$ - 2017);BIH;Bosnia and Herzegovina;01/01/2020;3.8
Total per capita expenditure on the preservation, protection and conservation of all cultural and natural heritage (constant PPP$ - 2017);BIH;Bosnia and Herzegovina;01/01/2021;0.7
Total per capita expenditure on the preservation, protection and conservation of all cultural and natural heritage (constant PPP$ - 2017);BIH;Bosnia and Herzegovina;01/01/2019;48.9
Total per capita expenditure on the preservation, protection and conservation of all cultural and natural heritage (constant PPP$ - 2017);BIH;Bosnia and Herzegovina;01/01/2020;46.7
Total per capita expenditure on the preservation, protection and conservation of all cultural and natural heritage (constant PPP$ - 2017);BIH;Bosnia and Herzegovina;01/01/2021;49.3
Total per capita expenditure on the preservation, protection and conservation of all cultural and natural heritage (constant PPP$ - 2017);CHL;Chile;01/01/2020;30.1
Total per capita expenditure on the preservation, protection and conservation of all cultural and natural heritage (constant PPP$ - 2017);CHL;Chile;01/01/2021;13.1
Total per capita expenditure on the preservation, protection and conservation of all cultural and natural heritage (constant PPP$ - 2017);CHL;Chile;01/01/2020;30.1
Total per capita expenditure on the preservation, protection and conservation of all cultural and natural heritage (constant PPP$ - 2017);CHL;Chile;01/01/2021;13.1
Total per capita expenditure on the preservation, protection and conservation of all cultural and natural heritage (constant PPP$ - 2017);COL;Colombia;01/01/2018;74.2
Total per capita expenditure on the preservation, protection and conservation of all cultural and natural heritage (constant PPP$ - 2017);COL;Colombia;01/01/2019;133.1
Total per capita expenditure on the preservation, protection and conservation of all cultural and natural heritage (constant PPP$ - 2017);COL;Colombia;01/01/2020;79.7
Total per capita expenditure on the preservation, protection and conservation of all cultural and natural heritage (constant PPP$ - 2017);COL;Colombia;01/01/2018;19.6
Total per capita expenditure on the preservation, protection and conservation of all cultural and natural heritage (constant PPP$ - 2017);COL;Colombia;01/01/2019;21.3
Total per capita expenditure on the preservation, protection and conservation of all cultural and natural heritage (constant PPP$ - 2017);COL;Colombia;01/01/2020;13.2
Total per capita expenditure on the preservation, protection and conservation of all cultural and natural heritage (constant PPP$ - 2017);COL;Colombia;01/01/2021;16.4
Total per capita expenditure on the preservation, protection and conservation of all cultural and natural heritage (constant PPP$ - 2017);COL;Colombia;01/01/2018;54.6
Total per capita expenditure on the preservation, protection and conservation of all cultural and natural heritage (constant PPP$ - 2017);COL;Colombia;01/01/2019;111.9
Total per capita expenditure on the preservation, protection and conservation of all cultural and natural heritage (constant PPP$ - 2017);COL;Colombia;01/01/2020;66.6
Total per capita expenditure on the preservation, protection and conservation of all cultural and natural heritage (constant PPP$ - 2017);COL;Colombia;01/01/2018;1.5
Total per capita expenditure on the preservation, protection and conservation of all cultural and natural heritage (constant PPP$ - 2017);COL;Colombia;01/01/2019;1.5
Total per capita expenditure on the preservation, protection and conservation of all cultural and natural heritage (constant PPP$ - 2017);COL;Colombia;01/01/2020;1.1
Total per capita expenditure on the preservation, protection and conservation of all cultural and natural heritage (constant PPP$ - 2017);COL;Colombia;01/01/2018;72.7
Total per capita expenditure on the preservation, protection and conservation of all cultural and natural heritage (constant PPP$ - 2017);COL;Colombia;01/01/2019;131.6
Total per capita expenditure on the preservation, protection and conservation of all cultural and natural heritage (constant PPP$ - 2017);COL;Colombia;01/01/2020;78.6
Total per capita expenditure on the preservation, protection and conservation of all cultural and natural heritage (constant PPP$ - 2017);COL;Colombia;01/01/2018;7.7
Total per capita expenditure on the preservation, protection and conservation of all cultural and natural heritage (constant PPP$ - 2017);COL;Colombia;01/01/2019;6.6
Total per capita expenditure on the preservation, protection and conservation of all cultural and natural heritage (constant PPP$ - 2017);COL;Colombia;01/01/2020;4.5
Total per capita expenditure on the preservation, protection and conservation of all cultural and natural heritage (constant PPP$ - 2017);COL;Colombia;01/01/2021;5.8
Total per capita expenditure on the preservation, protection and conservation of all cultural and natural heritage (constant PPP$ - 2017);COL;Colombia;01/01/2018;11.9
Total per capita expenditure on the preservation, protection and conservation of all cultural and natural heritage (constant PPP$ - 2017);COL;Colombia;01/01/2019;14.7
Total per capita expenditure on the preservation, protection and conservation of all cultural and natural heritage (constant PPP$ - 2017);COL;Colombia;01/01/2020;8.7
Total per capita expenditure on the preservation, protection and conservation of all cultural and natural heritage (constant PPP$ - 2017);COL;Colombia;01/01/2021;10.6
Total per capita expenditure on the preservation, protection and conservation of all cultural and natural heritage (constant PPP$ - 2017);CRI;Costa Rica;01/01/2020;4.6
Total per capita expenditure on the preservation, protection and conservation of all cultural and natural heritage (constant PPP$ - 2017);CRI;Costa Rica;01/01/2021;23.5
Total per capita expenditure on the preservation, protection and conservation of all cultural and natural heritage (constant PPP$ - 2017);CRI;Costa Rica;01/01/2020;4.6
Total per capita expenditure on the preservation, protection and conservation of all cultural and natural heritage (constant PPP$ - 2017);CRI;Costa Rica;01/01/2021;23.5
Total per capita expenditure on the preservation, protection and conservation of all cultural and natural heritage (constant PPP$ - 2017);ECU;Ecuador;01/01/2019;26
Total per capita expenditure on the preservation, protection and conservation of all cultural and natural heritage (constant PPP$ - 2017);ECU;Ecuador;01/01/2020;27.3
Total per capita expenditure on the preservation, protection and conservation of all cultural and natural heritage (constant PPP$ - 2017);ECU;Ecuador;01/01/2021;26.4
Total per capita expenditure on the preservation, protection and conservation of all cultural and natural heritage (constant PPP$ - 2017);ECU;Ecuador;01/01/2019;1.1
Total per capita expenditure on the preservation, protection and conservation of all cultural and natural heritage (constant PPP$ - 2017);ECU;Ecuador;01/01/2020;1
Total per capita expenditure on the preservation, protection and conservation of all cultural and natural heritage (constant PPP$ - 2017);ECU;Ecuador;01/01/2021;1
Total per capita expenditure on the preservation, protection and conservation of all cultural and natural heritage (constant PPP$ - 2017);ECU;Ecuador;01/01/2019;19.4
Total per capita expenditure on the preservation, protection and conservation of all cultural and natural heritage (constant PPP$ - 2017);ECU;Ecuador;01/01/2020;19.7
Total per capita expenditure on the preservation, protection and conservation of all cultural and natural heritage (constant PPP$ - 2017);ECU;Ecuador;01/01/2021;19.5
Total per capita expenditure on the preservation, protection and conservation of all cultural and natural heritage (constant PPP$ - 2017);ECU;Ecuador;01/01/2019;6.5
Total per capita expenditure on the preservation, protection and conservation of all cultural and natural heritage (constant PPP$ - 2017);ECU;Ecuador;01/01/2020;7.7
Total per capita expenditure on the preservation, protection and conservation of all cultural and natural heritage (constant PPP$ - 2017);ECU;Ecuador;01/01/2021;6.9
Total per capita expenditure on the preservation, protection and conservation of all cultural and natural heritage (constant PPP$ - 2017);ECU;Ecuador;01/01/2019;17.7
Total per capita expenditure on the preservation, protection and conservation of all cultural and natural heritage (constant PPP$ - 2017);ECU;Ecuador;01/01/2020;18
Total per capita expenditure on the preservation, protection and conservation of all cultural and natural heritage (constant PPP$ - 2017);ECU;Ecuador;01/01/2021;17.9
Total per capita expenditure on the preservation, protection and conservation of all cultural and natural heritage (constant PPP$ - 2017);GEO;Georgia;01/01/2020;8.7
Total per capita expenditure on the preservation, protection and conservation of all cultural and natural heritage (constant PPP$ - 2017);GEO;Georgia;01/01/2021;14.6
Total per capita expenditure on the preservation, protection and conservation of all cultural and natural heritage (constant PPP$ - 2017);IDN;Indonesia;01/01/2019;0.2
Total per capita expenditure on the preservation, protection and conservation of all cultural and natural heritage (constant PPP$ - 2017);KAZ;Kazakhstan;01/01/2019;0.7
Total per capita expenditure on the preservation, protection and conservation of all cultural and natural heritage (constant PPP$ - 2017);KAZ;Kazakhstan;01/01/2019;
Total per capita expenditure on the preservation, protection and conservation of all cultural and natural heritage (constant PPP$ - 2017);KAZ;Kazakhstan;01/01/2019;0.6
Total per capita expenditure on the preservation, protection and conservation of all cultural and natural heritage (constant PPP$ - 2017);LTU;Lithuania;01/01/2017;36.6
Total per capita expenditure on the preservation, protection and conservation of all cultural and natural heritage (constant PPP$ - 2017);LTU;Lithuania;01/01/2018;38.5
Total per capita expenditure on the preservation, protection and conservation of all cultural and natural heritage (constant PPP$ - 2017);LTU;Lithuania;01/01/2019;46
Total per capita expenditure on the preservation, protection and conservation of all cultural and natural heritage (constant PPP$ - 2017);LTU;Lithuania;01/01/2020;41.8
Total per capita expenditure on the preservation, protection and conservation of all cultural and natural heritage (constant PPP$ - 2017);LTU;Lithuania;01/01/2017;36.6
Total per capita expenditure on the preservation, protection and conservation of all cultural and natural heritage (constant PPP$ - 2017);LTU;Lithuania;01/01/2018;38.5
Total per capita expenditure on the preservation, protection and conservation of all cultural and natural heritage (constant PPP$ - 2017);LTU;Lithuania;01/01/2019;32.9
Total per capita expenditure on the preservation, protection and conservation of all cultural and natural heritage (constant PPP$ - 2017);LTU;Lithuania;01/01/2020;31.2
Total per capita expenditure on the preservation, protection and conservation of all cultural and natural heritage (constant PPP$ - 2017);LTU;Lithuania;01/01/2019;13
Total per capita expenditure on the preservation, protection and conservation of all cultural and natural heritage (constant PPP$ - 2017);LTU;Lithuania;01/01/2020;10.6
Total per capita expenditure on the preservation, protection and conservation of all cultural and natural heritage (constant PPP$ - 2017);MUS;Mauritius;01/01/2019;11.7
Total per capita expenditure on the preservation, protection and conservation of all cultural and natural heritage (constant PPP$ - 2017);MUS;Mauritius;01/01/2020;11
Total per capita expenditure on the preservation, protection and conservation of all cultural and natural heritage (constant PPP$ - 2017);MUS;Mauritius;01/01/2021;11.9
Total per capita expenditure on the preservation, protection and conservation of all cultural and natural heritage (constant PPP$ - 2017);MUS;Mauritius;01/01/2019;0.5
Total per capita expenditure on the preservation, protection and conservation of all cultural and natural heritage (constant PPP$ - 2017);MUS;Mauritius;01/01/2020;0.5
Total per capita expenditure on the preservation, protection and conservation of all cultural and natural heritage (constant PPP$ - 2017);MUS;Mauritius;01/01/2021;2.1
Total per capita expenditure on the preservation, protection and conservation of all cultural and natural heritage (constant PPP$ - 2017);MMR;Myanmar;01/01/2020;
Total per capita expenditure on the preservation, protection and conservation of all cultural and natural heritage (constant PPP$ - 2017);MMR;Myanmar;01/01/2020;
Total per capita expenditure on the preservation, protection and conservation of all cultural and natural heritage (constant PPP$ - 2017);RUS;Russian Federation;01/01/2020;3.4
Total per capita expenditure on the preservation, protection and conservation of all cultural and natural heritage (constant PPP$ - 2017);RUS;Russian Federation;01/01/2021;7.3
Total per capita expenditure on the preservation, protection and conservation of all cultural and natural heritage (constant PPP$ - 2017);RUS;Russian Federation;01/01/2020;3.4
Total per capita expenditure on the preservation, protection and conservation of all cultural and natural heritage (constant PPP$ - 2017);RUS;Russian Federation;01/01/2021;3.3
Total per capita expenditure on the preservation, protection and conservation of all cultural and natural heritage (constant PPP$ - 2017);LCA;Saint Lucia;01/01/2020;10.8
Total per capita expenditure on the preservation, protection and conservation of all cultural and natural heritage (constant PPP$ - 2017);LCA;Saint Lucia;01/01/2020;10.8
Total per capita expenditure on the preservation, protection and conservation of all cultural and natural heritage (constant PPP$ - 2017);VUT;Vanuatu;01/01/2019;1.9
Total per capita expenditure on the preservation, protection and conservation of all cultural and natural heritage (constant PPP$ - 2017);VUT;Vanuatu;01/01/2019;1.9
Total per capita expenditure on the preservation, protection and conservation of all cultural and natural heritage (constant PPP$ - 2017);BGD;Bangladesh;01/01/2021;0.1
Total per capita expenditure on the preservation, protection and conservation of all cultural and natural heritage (constant PPP$ - 2017);BGD;Bangladesh;01/01/2022;0.1
Total per capita expenditure on the preservation, protection and conservation of all cultural and natural heritage (constant PPP$ - 2017);BGD;Bangladesh;01/01/2021;0.1
Total per capita expenditure on the preservation, protection and conservation of all cultural and natural heritage (constant PPP$ - 2017);BGD;Bangladesh;01/01/2022;0.1
Total per capita expenditure on the preservation, protection and conservation of all cultural and natural heritage (constant PPP$ - 2017);ISR;Israel;01/01/2019;56.7
Total per capita expenditure on the preservation, protection and conservation of all cultural and natural heritage (constant PPP$ - 2017);ISR;Israel;01/01/2020;45.8
Total per capita expenditure on the preservation, protection and conservation of all cultural and natural heritage (constant PPP$ - 2017);MLT;Malta;01/01/2020;516.6
Total per capita expenditure on the preservation, protection and conservation of all cultural and natural heritage (constant PPP$ - 2017);MUS;Mauritius;01/01/2021;14.6
Total per capita expenditure on the preservation, protection and conservation of all cultural and natural heritage (constant PPP$ - 2017);LKA;Sri Lanka;01/01/2020;10
Total per capita expenditure on the preservation, protection and conservation of all cultural and natural heritage (constant PPP$ - 2017);GBR;United Kingdom of Great Britain and Northern Ireland;01/01/2019;113.5
Total per capita expenditure on the preservation, protection and conservation of all cultural and natural heritage (constant PPP$ - 2017);GBR;United Kingdom of Great Britain and Northern Ireland;01/01/2020;116.6
Total per capita expenditure on the preservation, protection and conservation of all cultural and natural heritage (constant PPP$ - 2017);ALB;Albania;01/01/2021;23.5
Total per capita expenditure on the preservation, protection and conservation of all cultural and natural heritage (constant PPP$ - 2017);AND;Andorra;01/01/2021;284.2
Total per capita expenditure on the preservation, protection and conservation of all cultural and natural heritage (constant PPP$ - 2017);SLV;El Salvador;01/01/2021;0.1
Total per capita expenditure on the preservation, protection and conservation of all cultural and natural heritage (constant PPP$ - 2017);KEN;Kenya;01/01/2021;
Total per capita expenditure on the preservation, protection and conservation of all cultural and natural heritage (constant PPP$ - 2017);MLT;Malta;01/01/2020;376.2
Total per capita expenditure on the preservation, protection and conservation of all cultural and natural heritage (constant PPP$ - 2017);MCO;Monaco;01/01/2021;418.4
Total per capita expenditure on the preservation, protection and conservation of all cultural and natural heritage (constant PPP$ - 2017);PHL;Philippines;01/01/2020;4.7
Total per capita expenditure on the preservation, protection and conservation of all cultural and natural heritage (constant PPP$ - 2017);LKA;Sri Lanka;01/01/2020;9.9
Total per capita expenditure on the preservation, protection and conservation of all cultural and natural heritage (constant PPP$ - 2017);SRB;Serbia;01/01/2021;28.8
Total per capita expenditure on the preservation, protection and conservation of all cultural and natural heritage (constant PPP$ - 2017);BMU;Bermuda;01/01/2020;113
Total per capita expenditure on the preservation, protection and conservation of all cultural and natural heritage (constant PPP$ - 2017);ISR;Israel;01/01/2019;30.4
Total per capita expenditure on the preservation, protection and conservation of all cultural and natural heritage (constant PPP$ - 2017);ISR;Israel;01/01/2020;23.6
Total per capita expenditure on the preservation, protection and conservation of all cultural and natural heritage (constant PPP$ - 2017);MLT;Malta;01/01/2020;140.4
Total per capita expenditure on the preservation, protection and conservation of all cultural and natural heritage (constant PPP$ - 2017);MUS;Mauritius;01/01/2021;0.5
Total per capita expenditure on the preservation, protection and conservation of all cultural and natural heritage (constant PPP$ - 2017);LKA;Sri Lanka;01/01/2020;0.1
Total per capita expenditure on the preservation, protection and conservation of all cultural and natural heritage (constant PPP$ - 2017);AUS;Australia;01/01/2020;43.1
Total per capita expenditure on the preservation, protection and conservation of all cultural and natural heritage (constant PPP$ - 2017);MLT;Malta;01/01/2020;231.6
Total per capita expenditure on the preservation, protection and conservation of all cultural and natural heritage (constant PPP$ - 2017);MUS;Mauritius;01/01/2021;11.5
Total per capita expenditure on the preservation, protection and conservation of all cultural and natural heritage (constant PPP$ - 2017);LKA;Sri Lanka;01/01/2020;5.7
Total per capita expenditure on the preservation, protection and conservation of all cultural and natural heritage (constant PPP$ - 2017);GEO;Georgia;01/01/2021;10.1
Total per capita expenditure on the preservation, protection and conservation of all cultural and natural heritage (constant PPP$ - 2017);MLT;Malta;01/01/2020;144.6
Total per capita expenditure on the preservation, protection and conservation of all cultural and natural heritage (constant PPP$ - 2017);MUS;Mauritius;01/01/2021;3.1
Total per capita expenditure on the preservation, protection and conservation of all cultural and natural heritage (constant PPP$ - 2017);LKA;Sri Lanka;01/01/2020;4.3
Total per capita expenditure on the preservation, protection and conservation of all cultural and natural heritage (constant PPP$ - 2017);LUX;Luxembourg;01/01/2021;175.4
Total per capita expenditure on the preservation, protection and conservation of all cultural and natural heritage (constant PPP$ - 2017);GBR;United Kingdom of Great Britain and Northern Ireland;01/01/2019;61.6
Total per capita expenditure on the preservation, protection and conservation of all cultural and natural heritage (constant PPP$ - 2017);GBR;United Kingdom of Great Britain and Northern Ireland;01/01/2020;68.5
Total per capita expenditure on the preservation, protection and conservation of all cultural and natural heritage (constant PPP$ - 2017);ALB;Albania;01/01/2021;13.9
Total per capita expenditure on the preservation, protection and conservation of all cultural and natural heritage (constant PPP$ - 2017);AND;Andorra;01/01/2021;108.6
Total per capita expenditure on the preservation, protection and conservation of all cultural and natural heritage (constant PPP$ - 2017);BIH;Bosnia and Herzegovina;01/01/2019;14.7
Total per capita expenditure on the preservation, protection and conservation of all cultural and natural heritage (constant PPP$ - 2017);BIH;Bosnia and Herzegovina;01/01/2020;13.4
Total per capita expenditure on the preservation, protection and conservation of all cultural and natural heritage (constant PPP$ - 2017);BIH;Bosnia and Herzegovina;01/01/2021;16.9
Total per capita expenditure on the preservation, protection and conservation of all cultural and natural heritage (constant PPP$ - 2017);SLV;El Salvador;01/01/2021;0.1
Total per capita expenditure on the preservation, protection and conservation of all cultural and natural heritage (constant PPP$ - 2017);KEN;Kenya;01/01/2021;
Total per capita expenditure on the preservation, protection and conservation of all cultural and natural heritage (constant PPP$ - 2017);MLT;Malta;01/01/2020;363.5
Total per capita expenditure on the preservation, protection and conservation of all cultural and natural heritage (constant PPP$ - 2017);MCO;Monaco;01/01/2021;418.4
Total per capita expenditure on the preservation, protection and conservation of all cultural and natural heritage (constant PPP$ - 2017);PHL;Philippines;01/01/2020;4.6
Total per capita expenditure on the preservation, protection and conservation of all cultural and natural heritage (constant PPP$ - 2017);LKA;Sri Lanka;01/01/2020;9.9
Total per capita expenditure on the preservation, protection and conservation of all cultural and natural heritage (constant PPP$ - 2017);SRB;Serbia;01/01/2021;10.7
Total per capita expenditure on the preservation, protection and conservation of all cultural and natural heritage (constant PPP$ - 2017);AND;Andorra;01/01/2021;
Total per capita expenditure on the preservation, protection and conservation of all cultural and natural heritage (constant PPP$ - 2017);BIH;Bosnia and Herzegovina;01/01/2019;16.7
Total per capita expenditure on the preservation, protection and conservation of all cultural and natural heritage (constant PPP$ - 2017);BIH;Bosnia and Herzegovina;01/01/2020;14.6
Total per capita expenditure on the preservation, protection and conservation of all cultural and natural heritage (constant PPP$ - 2017);BIH;Bosnia and Herzegovina;01/01/2021;16
Total per capita expenditure on the preservation, protection and conservation of all cultural and natural heritage (constant PPP$ - 2017);RUS;Russian Federation;01/01/2021;3.5
Total per capita expenditure on the preservation, protection and conservation of all cultural and natural heritage (constant PPP$ - 2017);LKA;Sri Lanka;01/01/2020;
Total per capita expenditure on the preservation, protection and conservation of all cultural and natural heritage (constant PPP$ - 2017);SRB;Serbia;01/01/2021;2.6
Total per capita expenditure on the preservation, protection and conservation of all cultural and natural heritage (constant PPP$ - 2017);LUX;Luxembourg;01/01/2021;40
Total per capita expenditure on the preservation, protection and conservation of all cultural and natural heritage (constant PPP$ - 2017);GBR;United Kingdom of Great Britain and Northern Ireland;01/01/2019;55.2
Total per capita expenditure on the preservation, protection and conservation of all cultural and natural heritage (constant PPP$ - 2017);GBR;United Kingdom of Great Britain and Northern Ireland;01/01/2020;50.7
Total per capita expenditure on the preservation, protection and conservation of all cultural and natural heritage (constant PPP$ - 2017);ALB;Albania;01/01/2021;9.6
Total per capita expenditure on the preservation, protection and conservation of all cultural and natural heritage (constant PPP$ - 2017);AND;Andorra;01/01/2021;175.6
Total per capita expenditure on the preservation, protection and conservation of all cultural and natural heritage (constant PPP$ - 2017);BIH;Bosnia and Herzegovina;01/01/2019;19
Total per capita expenditure on the preservation, protection and conservation of all cultural and natural heritage (constant PPP$ - 2017);BIH;Bosnia and Herzegovina;01/01/2020;17.8
Total per capita expenditure on the preservation, protection and conservation of all cultural and natural heritage (constant PPP$ - 2017);BIH;Bosnia and Herzegovina;01/01/2021;18.6
Total per capita expenditure on the preservation, protection and conservation of all cultural and natural heritage (constant PPP$ - 2017);MLT;Malta;01/01/2020;12.8
Total per capita expenditure on the preservation, protection and conservation of all cultural and natural heritage (constant PPP$ - 2017);PHL;Philippines;01/01/2020;0.1
Total per capita expenditure on the preservation, protection and conservation of all cultural and natural heritage (constant PPP$ - 2017);RUS;Russian Federation;01/01/2021;0.4
Total per capita expenditure on the preservation, protection and conservation of all cultural and natural heritage (constant PPP$ - 2017);SRB;Serbia;01/01/2021;15.6
